feature1	feature2	class
4.630634532570408	8.995213527864655	0
3.9981944971094507	8.974618253270613	0
3.8027931112261446	8.641953649921188	0
5.030017485197275	10.151026988649583	0
0.3928180935623935	11.1139124716216	0
1.9114986227426525	11.44490168894304	0
4.492842023996253	11.098173466006306	0
4.438390154689222	10.35714659131512	0
6.51045296074682	10.570955547371037	0
4.668259051018285	10.763760639035004	0
2.7979226000679787	10.5359479874766	0
6.704724539148455	10.33114959765976	0
2.583231837090649	9.501890224692639	0
5.048669126622851	11.17127704306799	0
1.0492210893285092	9.988508720147648	0
5.589572152497952	11.815289634893249	0
4.485215001173078	10.587066683452296	0
6.346744315394464	9.722996520882408	0
5.177706258859576	9.581126336846022	0
1.1028744082302064	10.280855142996705	0
7.562218800153034	10.132955719359302	0
5.949017210384202	10.159767750613774	0
7.547593550399333	11.186494726981428	0
4.03365924940365	8.217159163712523	0
5.9136888832136165	9.685013419180883	0
4.656703697062425	10.701323506374818	0
4.579135607179722	9.808846332875346	0
4.220381993459726	8.671109642626744	0
7.0756461949511	12.018113438693526	0
2.94699005069079	10.002069297737302	0
1.853857764922548	10.478769789652839	0
5.763616447446018	9.928768887396737	0
2.2807119456220644	10.938071198696829	0
5.788126900834271	10.365651949391317	0
6.298718664911949	9.873472840752331	0
6.8184492662188	9.545023400403482	0
-1.5572264027893912	9.060197313104373	0
6.320515033761091	10.78929252387718	0
3.921629472386494	9.25696294689934	0
4.703260876564679	12.20541945739706	0
1.2932638119779605	11.979779704875828	0
2.792250681419403	10.074776874169478	0
2.0237485485727045	9.948826481308924	0
4.724623355740745	10.894552930466435	0
4.693164751372331	9.882502288364318	0
4.450279679233233	8.335219613303778	0
1.4590302161030317	7.310055672389229	0
3.9143930103313496	10.659129265716471	0
1.2575559858579912	10.022069912305174	0
3.3245682993368195	9.494769164718791	0
8.555061352769027	9.527541035918823	0
5.364968547227601	11.66277383115709	0
4.879712423660057	10.09779212908668	0
1.557130360848105	8.745936992128474	0
7.769014198144355	9.463387362193503	0
3.6263715692765905	8.250748214371594	0
1.49123445656917	10.715633444044956	0
3.58551263061506	8.704685743177837	0
8.380076856639613	10.426676406428857	0
5.786048403589838	9.852611456213491	0
6.038074009174428	9.268512542353708	0
3.3700154199096124	8.1346321170732	0
1.0809003085019016	8.515569361915627	0
1.7572779100910503	10.272891490026318	0
4.566224489741321	8.310556551011981	0
5.662180512468241	10.054237136604128	0
6.037233257114624	9.172715371710007	0
2.379025547830811	10.232431555093617	0
4.2226475123697575	9.728372560948001	0
2.0601141998624737	9.224959769571152	0
3.1412880198189197	9.83351277978456	0
4.534461097477605	10.148721962823988	0
0.6432823281996307	10.720724096963217	0
8.249379958958553	9.083876012989428	0
5.451052150378739	8.564388486361311	0
3.386203095852014	9.28819612497439	0
-0.11676190041762169	9.522489467857373	0
3.0618637244808298	10.555868772749806	0
2.71492700004121	10.408235217001376	0
3.127644278464283	10.694558865816482	0
4.8447111189871706	9.300922997006655	0
4.580892153903127	11.505492825898278	0
3.4339582569639093	9.713895740952175	0
5.449877989953187	9.245315730022654	0
6.733648895242522	9.730712696418472	0
4.988696416989195	11.904542877845753	0
3.5199034479864855	10.784240707303974	0
0.20484339693812448	9.709404759747843	0
1.4375520595674192	10.261620803824586	0
4.942756768970243	10.730492703602271	0
7.784517143674929	10.495033668671068	0
2.121057795614909	10.529749672886917	0
4.054069702717686	9.641609173847215	0
4.1653777728952095	10.534275603538452	0
5.19490683034104	9.583986569078187	0
3.562870777092855	9.647189642891814	0
0.7293309886241919	9.442138064392788	0
7.462559922093385	9.831797919814399	0
0.7152531486414513	10.500654137608116	0
3.4378647633595087	10.068477266007017	0
5.147462453599106	9.915835537312901	0
5.775394146184406	8.522351738274198	0
2.519964667450673	11.9365643142004	0
7.077872758705448	13.008141048054076	0
3.0399933526836573	10.249320140968857	0
2.014776551812714	10.003144840558898	0
0.5316386406852032	9.76127909117485	0
5.596553170607556	11.704747139044047	0
6.409150449985463	8.499957205427979	0
4.551746496050408	9.006091146415546	0
4.217661137149371	10.848296184232796	0
2.3299917859243613	9.849730916291497	0
7.112392213726922	9.879377921892457	0
4.476795120482113	9.863051545284794	0
5.901542472167945	10.327482531092759	0
4.589166463944112	10.445403683974774	0
1.022178809723333	9.544244012671536	0
1.7764898958522286	10.053494844027892	0
2.2205119121702364	10.0600726427161	0
5.086506461300863	9.181133561789448	0
6.7716537115996385	9.45457900025057	0
5.269391190215213	11.795544856091052	0
3.052837902993406	11.491526682445006	0
5.918858310468597	11.251104626104205	0
2.668867629346399	9.237593670276338	0
-1.4216398379553397	9.91322668355239	0
2.088561857926643	10.237944236963916	0
5.269407699949574	9.984975083087507	0
3.2085213585641226	8.850137919161586	0
3.3776491486292235	10.656921323175622	0
5.774607852474898	11.240359257212493	0
5.7192621181303105	10.853269631434825	0
4.729652362646293	9.794150500595737	0
-0.800134732987912	8.936905514957813	0
3.392729030984541	9.64035907187644	0
4.757140237158528	11.921413962298576	0
3.021031054572022	10.102879734947265	0
7.23294832414666	10.532657586506026	0
6.035533844124657	10.277079573339515	0
5.8797242352601895	10.811279723558576	0
0.717279946634342	11.227160722325518	0
2.162303842878139	8.298113264425712	0
1.042794820513076	7.731504651943569	0
5.518748813417657	11.114710560985104	0
2.361446364889214	11.489240021185212	0
-0.614328695692401	8.996203897857143	0
4.633236441840433	9.414845211136143	0
6.3752064741464025	9.263981411952358	0
-0.42410447357722436	9.650684472647267	0
2.9936044179042627	9.130553039018958	0
5.996408435435036	10.209134739008075	0
2.976606229803097	11.600286156175185	0
6.077312764975771	11.258358783786486	0
2.130015649031048	10.558029402094235	0
6.159732413118915	10.904254666548859	0
3.657526431694796	8.653022120538706	0
3.1021688977653445	10.559445109892613	0
5.8742699021773435	10.95480223732182	0
3.8475061767612457	9.853682921086747	0
5.5646508332005205	9.019599895196327	0
2.1901027288893022	9.740139447883992	0
4.31295761369306	10.32761290021524	0
7.37328545632815	9.729422940363266	0
0.5745280747600376	8.825845325825794	0
7.056648992443671	9.471482959211096	0
5.998090369785116	9.83938941893109	0
4.870238424360385	9.890887495056706	0
4.795858898078395	10.821647725087566	0
4.087254645869794	11.343345655049585	0
0.9851691209368871	10.604367948135428	0
3.6344546706854275	9.430483269715792	0
3.8365805837844693	8.554205534027314	0
4.090844933323563	9.308034873736457	0
1.5123326856511627	10.166182747240853	0
3.674797191882865	8.99734262977737	0
4.741472591319841	9.185707381365626	0
1.6214517162982647	9.630906170800644	0
6.187917535159499	10.277739507910306	0
1.934924792830897	8.845883183406864	0
4.177953347868861	10.933355672414338	0
5.140805025926894	10.101527520221287	0
3.1585119405757007	11.37607678391595	0
4.7061011926939855	9.883935683667543	0
1.1107891143543362	9.985136740954339	0
5.8459543997053505	10.0385055976131	0
4.718544386525143	7.444989887535066	0
1.2178115347000191	9.722484472143995	0
5.60948233760743	11.11736837177464	0
7.28552039366679	10.98250523294982	0
4.598657178026364	10.60694718399263	0
3.909646314749544	11.012657116523533	0
2.709206672218743	9.933596656242562	0
1.7767744534321341	9.444441638152252	0
3.5584851976981824	9.565682341377482	0
3.8077387996027436	10.633573781149831	0
8.297738772801907	11.316023291672627	0
3.6444747790628824	9.952879019030284	0
3.296891213074451	11.105949119892347	0
6.053761484805275	8.362001000927059	0
4.3494278881540245	9.976973228744967	0
8.746600704002532	9.320262888205843	0
9.519056798666103	11.342248248857008	0
5.024315257278917	10.356505032210833	0
3.327209563628744	10.61429363223284	0
1.1193489190873387	9.736516156028904	0
5.181708586341257	11.126578223890462	0
4.48100225700632	8.531086147260798	0
7.494576586983638	10.473189978396835	0
2.635956749019955	10.973932931619036	0
3.713619810644907	11.41949980562183	0
1.1402652141825351	9.35891322834877	0
4.649821146820623	11.019292150715097	0
8.450646046175088	10.928637761938573	0
0.4604503429411606	10.533038128633763	0
3.0379911812003657	8.761416699645949	0
3.198935251219009	11.129347439400728	0
-0.20167371349252772	8.295185791126064	0
5.337844246097016	9.492612445665872	0
7.025695863936514	8.743594168004982	0
2.5537595757286367	8.02033122798012	0
4.35326605947134	12.170840221693677	0
1.8116704661823646	10.596781782970949	0
4.567387504788413	8.085891367241745	0
5.972258917892584	10.07007675249148	0
-1.0842846440864413	9.973904851968767	0
4.761663011344883	9.796834819887339	0
6.767841307765874	10.5004279902111	0
5.4721571340969675	10.38999772897257	0
7.54722346999888	9.597948671973423	0
4.279242608351494	11.104771035928975	0
3.5734430901908594	9.183564377148853	0
1.6726205054731498	9.173190564868644	0
4.628890699548702	9.66023260604052	0
4.49721134541646	10.712362954473633	0
5.727568115976242	9.434252773420281	0
5.8887285061955374	9.376549295343896	0
3.499539244656596	11.871787924812892	0
2.589298035617284	10.319154836185218	0
2.518800809744148	9.799410154219128	0
7.5087706699676975	11.749899084679777	0
4.203011872486194	9.685374292931233	0
5.1936069914186245	9.957856151604137	0
5.184513563034741	11.341270713019547	0
5.207942448499091	9.911405699143998	0
6.139576035646838	9.501928966846576	0
6.292297955765905	9.38509413327402	0
4.968539875450267	8.871271098982227	0
4.697299374540015	8.393275368788395	0
3.03548877223514	13.100141011060327	0
5.594748646084431	9.980471456471719	0
6.8138353503885085	10.683754853570253	0
2.3054805274531813	8.705243567889394	0
5.905197350366994	10.753127631313948	0
2.1534114476430894	10.756870102750039	0
1.1255337749618453	8.194566070915988	0
3.4261447195123353	8.850752362732127	0
1.675611992883863	9.079014484317481	0
4.980001833583085	11.356820932059176	0
3.8757997590541806	9.140166305337768	0
5.732612224618321	8.648555321125771	0
5.941692580012904	12.126810201964942	0
2.2465387951785605	8.707831474893192	0
7.239437763689583	9.519930344233778	0
0.896348379224714	11.63668721833114	0
3.032940269371805	8.519482516160334	0
8.380991427628548	10.655489435321309	0
6.607295937631433	7.512595701820653	0
3.992511008525482	10.986666572793984	0
4.021803477418414	10.02515865053459	0
2.6427848949116375	8.941486734560417	0
1.5395542260657091	8.354868465915903	0
3.9095975075663265	9.332279156310388	0
4.8111978085832305	10.371223449562583	0
1.3840211130296876	10.946507943095439	0
-0.7969097818886386	11.89837355765276	0
5.952707208238503	9.01203064045443	0
5.82834528157284	7.6802903147797075	0
7.104036220653465	10.506203037884106	0
2.7688576880509386	9.696879377144137	0
4.447609142947383	10.659221145099913	0
2.7751881420760522	8.74342947094185	0
4.215568808832387	8.304251554726461	0
3.640681105410085	10.86245090271993	0
-0.9573582084704926	8.23891003296649	0
3.9872473058970375	9.393118715827573	0
2.6145278787253137	8.80033096684187	0
5.135420676320196	11.231359834657283	0
2.644373879895648	10.399568879008129	0
3.1248601716216045	11.705819327432977	0
6.2691980733757795	9.35309938598175	0
1.8925962584664124	9.977264016936479	0
5.306621795981967	9.848436837472674	0
2.204527002529417	7.971701846869886	0
5.285866779137979	9.252638499439776	0
0.17215441402620035	9.656195312598797	0
4.0753620808894	11.237522059898387	0
3.3560148158315304	10.41088498842177	0
1.8228488815153505	11.513429460414546	0
2.3648462779659107	9.284287315837794	0
7.038397875982292	10.623319400654786	0
5.611049211153173	9.164957599790776	0
4.270090654687415	9.82827057742591	0
3.946047583077853	9.656839217325729	0
3.4410004067830986	8.957465159026837	0
2.6275457356523435	10.61435441847903	0
6.5320293779037915	9.673650911211539	0
0.5928073760877668	8.10068706042294	0
3.6165336184271397	8.657565506630426	0
5.745104704001875	10.507012130087073	0
0.7070857235166104	11.650850567918765	0
2.1575736806573262	9.150315734750876	0
5.057691903009166	8.47216214698383	0
-2.0663346528940867	9.635019785923859	0
3.342890914757674	10.781500428507515	0
1.2622997090865287	9.53729943444931	0
5.455346176425407	9.768893465619156	0
6.39425311150749	11.320668871079402	0
5.986992453345102	11.04387117531962	0
2.8877269433859265	11.324140139032421	0
3.116826353101568	7.837813629092343	0
6.293222913758802	9.69904530472944	0
0.13522138089521674	9.348779246468514	0
7.874276160050494	11.077727331687466	0
6.84098136994155	9.004145761510438	0
8.366942712633815	10.997495969158303	0
3.0184717317570615	9.791154723088255	0
1.2588042157012902	8.80523741398974	0
4.004106864790433	10.662948429062856	0
2.0322215653618843	10.907776172681409	0
5.203467198638807	8.85795875385475	0
3.8613665424927897	8.864326034728956	0
4.547055602709629	12.138399879106071	0
2.894722268089996	9.319294176985334	0
4.360552200641488	8.537604740383108	0
5.538857823862868	11.134472300119242	0
1.7839129705734473	10.5692174849613	0
1.9623196420573281	9.995226949170089	0
1.6512816747416545	10.418440449987243	0
3.7591246431534877	11.34275275346937	0
1.096068775891467	9.047039765340365	0
4.697024634665872	10.315795528542687	0
3.9695787051247557	10.497059707708763	0
5.662073978504237	9.746982242053686	0
4.177860490321308	11.211132183501544	0
2.647978532192387	9.170498458516365	0
1.9669917755853614	10.55809505563175	0
6.074739439598998	9.930681797654646	0
5.2309752779300345	10.148546507357556	0
4.341266903533358	10.605274524051174	0
1.3792052572149172	9.423689679494522	0
5.403896271855897	10.073450838559197	0
4.53803116334687	9.757067501913065	0
2.3299848229326314	11.111510177099465	0
3.2487111470931973	9.886868669105072	0
4.516793936108423	10.14031942972821	0
4.606030568625383	8.506148991017637	0
5.240373502092494	11.222009040544112	0
7.042780444787576	10.71862466890583	0
3.566732330620593	8.984048650776515	0
1.3119692710826567	10.818258398854809	0
4.247384022682068	8.733085907895438	0
3.8344594776558836	8.779571174165671	0
3.48244540144415	9.164800403840061	0
1.8770334980401007	9.03682983960019	0
4.346369540870948	8.950174519915485	0
3.8919969853416196	10.64351721084546	0
5.468408469013694	9.15770075836214	0
3.2369896363379924	8.065543549127247	0
3.8685740447710617	8.84569549401533	0
5.864812560020915	10.778789206889872	0
7.351589236528111	10.166995457505001	0
1.3334752116393571	8.994451801260139	0
5.836315373438636	9.902603141258764	0
3.1394827686240183	9.628402066240264	0
2.4009313068316915	10.629453869708733	0
6.66405838523472	10.994170114898962	0
1.294860959863715	8.880918206134853	0
5.236316878019316	9.91111203659723	0
2.8991187980293036	10.999764093608437	0
5.2568583369576745	10.064249958575063	0
3.877212993102167	9.782082900539454	0
6.879884449094893	9.611520412325001	0
-0.13941732974029364	10.627687166814184	0
8.17316496624382	9.621900504738356	0
0.8952281031927369	8.929316735804349	0
2.2634143404097102	11.173184001893109	0
1.7575718759410557	9.779228711609404	0
8.43878791928594	9.554904355744263	0
4.1901567792171805	9.83403879173852	0
4.562336058597315	8.586013569151888	0
4.257543127164534	10.18213095576844	0
3.9941664776767056	11.071592581373375	0
3.905538602765834	10.489783788774	0
5.824341184885985	10.612087663432797	0
3.656860427642403	9.734262249463983	0
4.88558648921655	9.768593463231724	0
6.215647851248165	10.93375032054406	0
3.6866883646433215	9.31245593922142	0
1.7526462864637562	7.930310090930885	0
3.461570217586221	10.048633560064108	0
1.0576388647238884	10.226336723533523	0
4.502641282939322	10.907696170687853	0
2.7168966085168877	9.877159366226026	0
3.5347929121015933	11.193038910630401	0
1.0889536895276772	9.184252884791295	0
3.258825662541673	9.949081519916808	0
6.4359813093907565	9.852425369055323	0
1.3521253400120323	10.063944764443779	0
1.5994736798287978	11.274920769225785	0
4.415190312448673	10.757256843331977	0
4.170983245361645	11.61413780993448	0
3.885144706328407	10.888243605471699	0
3.9773997263428913	10.779814441238619	0
5.874552591209392	10.590080752121693	0
4.814102434025765	8.705864371151282	0
7.981830167533391	9.14040737027412	0
3.7630124414170076	9.42512782552379	0
4.651338053888255	8.570653687494694	0
5.862648025861737	10.333606029748609	0
5.033238706782739	11.08281878233224	0
5.933494371370885	9.700646891373365	0
7.139011570193433	9.969326461406304	0
3.8436020242532254	9.014326452072593	0
2.971219418486295	10.048206073590633	0
3.3144348765907696	10.008212538900093	0
6.057583043482407	10.622104160072682	0
3.253508884743989	9.550145620439391	0
1.8692329622900559	9.298747165831964	0
2.9033009815166286	8.777737260683338	0
2.6922231656490148	10.214343659791348	0
3.321258836770282	10.2587533389383	0
1.0701110670647065	10.106101774573432	0
3.775585274954595	7.825424801752426	0
5.571972681000086	11.805639579431157	0
5.686788712983414	8.895945837575859	0
7.0094763387913375	8.803389318244543	0
3.9324693301187774	9.586426357193906	0
0.9063249041231698	10.125960001657322	0
4.551466935201474	9.979021866469449	0
4.164052813660719	7.312379882258844	0
3.627275553196167	8.130072920400645	0
2.41764502985359	10.834528961535948	0
3.2380177997367863	11.642453564094927	0
5.063538786750707	10.771028517399047	0
4.7981065987509535	9.480603345018093	0
6.98130689735235	11.406756145440909	0
5.00634426717283	11.888762638383376	0
2.428951303904803	8.402513697056941	0
2.6116913967842406	11.013136897766998	0
5.64345608387919	12.78580683351112	0
2.0798352368848008	8.366403217551872	0
2.5815913104313117	9.879109889359711	0
2.4698898143930808	9.88931485618471	0
4.597088954295714	9.703204688979136	0
4.081142693921658	11.318517074602422	0
2.522143358833902	9.496344879286086	0
5.208931161457405	10.989892278131274	0
4.63504918927749	8.602861624578955	0
2.1326976391885477	8.69485960184579	0
3.2552856561215053	9.489511665211284	0
2.9532974251416357	8.876939450463931	0
5.13629060406486	8.405202706874872	0
3.6837935250249654	10.55280020184113	0
2.6558627571260787	10.488236869150011	0
-0.9435215414611058	10.694481845934265	0
4.277720866257643	10.794739198130916	0
2.697444732873702	10.481442156949344	0
6.17039181367233	11.561493243713153	0
5.9028897465853	9.806144449279827	0
4.589063669353678	10.79705719461926	0
5.0775276992412195	10.334956486980857	0
-0.2164423569825331	9.409229103980287	0
3.92905848797861	9.163555000802493	0
0.8711288682451861	8.157363490000828	0
4.348483998705611	10.539721775208704	0
1.8773394148434268	9.678548158839948	0
4.993713645634193	10.219922982115689	0
7.916099391355213	8.529305349377076	0
8.825586510547783	10.951660254033467	0
3.0488178087232223	10.773262391475694	0
6.08514467786752	10.854660776227371	0
3.7592457503399035	10.20828154910488	0
2.5559830758781774	6.443236737395415	0
3.4946409825403455	12.4557511394124	0
4.982364809492088	8.322621736957622	0
3.0632107718566925	8.774706554532733	0
2.567348851653805	9.58798669653025	0
2.3472546887752372	10.805720056031875	0
2.086077720121612	11.482903256036876	0
6.004507393791329	10.566924697628814	0
4.2770280530751155	11.714083121465016	0
7.191201238791477	8.057727393092254	0
6.208715728003854	10.485956733487077	0
4.623067284732044	9.494647764392564	0
2.0428096833316527	10.126734204297145	0
0.4169243979626458	9.611197504163378	0
4.621763562297698	9.677347360227932	0
2.005118131083556	7.859124499484153	0
6.270652728453403	12.189783967952387	0
0.6166483002140706	10.563471226959956	0
3.388636155045855	9.862465620321608	0
7.865327610248579	10.972523136947528	0
5.0748906913068215	10.442873785353035	0
7.058899724031342	11.122038205014675	0
5.628566370340396	9.885512405355817	0
2.6287252856211483	10.313879227253981	0
7.266376961852018	9.973300825943419	0
4.631678004967253	11.626269074620163	0
7.4927655206440384	10.597669074029238	0
0.6796771779732889	10.212040664335085	0
5.1262714698756895	9.297569260883238	0
1.1994053659600357	9.418444064717672	0
4.845027900727648	10.335010967601312	0
2.009672195152512	9.283948646472288	0
5.26825159447879	10.186681434077297	0
3.477508361833549	10.061956259617613	0
7.613165992635879	9.623823865875478	0
6.578320890266488	9.32121652617279	0
6.402501203388676	10.518998941214983	0
2.86346338326691	7.826566622725423	0
5.458741758162887	9.07272726983792	0
2.2431823386818905	10.644977815993528	0
0.6954199539689716	12.314172101400516	0
6.300168047026626	8.485374569051288	0
3.706829911251571	10.501821270378999	0
5.584610498331184	9.77217401404967	0
2.5205125463164935	9.061411834671283	0
8.557615302777194	10.658586496824231	0
5.367679581361869	12.818229873458694	0
5.366781587567031	10.673064884427244	0
6.256012433367769	8.251397816366671	0
4.822299951471708	10.022018971311716	0
5.273973908503833	9.751909924185929	0
0.7432906526303467	10.773041033184116	0
3.9060287369670346	8.597633993422654	0
0.7926057330903808	10.855484350350642	0
3.6211809263469257	10.024384793424867	0
4.371754440771389	9.552386686541539	0
4.461962793011898	10.058053959072861	0
1.4995916455891023	9.005070440926161	0
7.692044117380008	10.78464574044153	0
3.328468978140947	10.338635638958856	0
5.0044943378961175	10.352325512347193	0
4.653182680747037	9.327893622042966	0
7.221836226358045	11.224787576062607	0
6.6804443067743895	11.122028232859467	0
5.527090434056342	10.749503660477377	0
1.263843227107364	8.509071171302466	0
5.585085434195612	11.804750623385058	0
2.7658923964332556	10.184943925638072	0
5.665343262037844	9.867376482012407	0
2.54022283777746	10.32738476178762	0
7.814544195948133	10.614878492378843	0
5.697885958553884	12.532434032863392	0
3.390758588596742	9.440338690449858	0
2.2732332807260325	8.298071696338504	0
1.8220559256985331	9.679752565625673	0
5.907927492477388	11.174919810508333	0
1.0813561642622105	9.725569960079765	0
3.8489101625412885	8.790430147177894	0
4.743081481414488	9.864922235497113	0
5.031989219715325	10.045397259273853	0
3.2131821832918854	9.681780042220854	0
6.705929968952187	8.723814184718872	0
3.3189988617672728	9.992138857675254	0
5.003021204184612	9.50271727272985	0
5.902551774387875	9.765799571667415	0
4.3815838575262465	11.239250596048716	0
5.761422205085888	9.7732808825299	0
3.3968068624022587	10.655989209572676	0
2.320004197852743	10.699559536388794	0
6.233079214787022	12.068399761678323	0
6.9331899894243705	9.786743556440518	0
3.9007782740340917	9.528033307000614	0
1.8326266530610567	9.608456469997845	0
2.815992968636894	11.31397354293961	0
2.0995266894709967	8.837770286925712	0
5.048105242314989	10.339302645925747	0
4.452850314516045	8.570586354993562	0
3.165647719727798	8.966361736712013	0
5.475795868081337	9.731286828469942	0
4.3129942898022975	11.097556304029196	0
2.938254752110016	10.876063152196123	0
2.7000169043227906	10.556236129593211	0
5.962239254016742	10.755513884447153	0
3.389737338424367	11.786126601985625	0
5.118838510736506	9.852355924179237	0
1.9136949663576495	10.974201877108893	0
2.5455288780888408	10.22415623377934	0
4.29126718473202	11.444596788668791	0
6.771948969015507	9.483313826402352	0
5.636414272091178	9.452297809679353	0
0.7909150954277475	10.679196232731062	0
5.268211616992612	10.193248338065276	0
2.3311265448551204	9.243182926186094	0
2.437141807429837	10.757442544217435	0
6.3695053653706335	11.59321165588749	0
5.035079379465947	9.417700965800144	0
5.235813050978859	9.106601086862929	0
1.3160809401973208	8.725631642479502	0
1.0145395221917153	9.47466234490508	0
5.814490130543982	10.338986983621712	0
2.895797821579688	8.237493456550068	0
5.789818925884268	11.735731188795791	0
2.101689578244504	8.90780312841497	0
-1.410119122585468	11.093418049625573	0
1.2988775962307115	8.861369769475305	0
5.947483178974716	10.157532213053955	0
4.197659114693687	12.041412849491206	0
6.348373108362651	10.846965442570701	0
4.5285835140941995	10.3381222366401	0
3.190356133869099	9.56465652139497	0
1.8095386658654955	10.683563143368186	0
5.491407585803948	10.020784249749939	0
8.130537145605473	9.74680626277993	0
2.594912704680877	10.256126411414076	0
1.3900409200514074	10.183850259152265	0
3.718950490458689	9.158126934306486	0
4.186270732322167	9.627792653001398	0
7.283680342564841	11.666083408526623	0
1.908375265418755	11.047263757409008	0
2.895295424135739	9.77305341313176	0
1.4371654964768505	8.475114365018175	0
4.254986490910143	9.536896146103551	0
2.377830002444706	9.218227495771718	0
7.343395404786024	9.770901706749394	0
4.588566439950954	12.85191403534446	0
6.442910815146875	11.220406873134108	0
3.9563227736463973	10.297020197125303	0
5.243415636186506	10.616099667557002	0
3.987999638315349	8.17288729352983	0
2.861057183553471	10.220625142061103	0
4.0018639408812415	9.243697446124438	0
1.3167015975484064	9.742871925878616	0
5.286516397352093	11.112808849465702	0
8.266464579249467	10.544524611589727	0
3.1280615759144585	9.565146465746329	0
3.6708576854177806	10.96288212860236	0
2.473856027377166	11.172602094198979	0
6.6591332846869316	9.854537225198698	0
4.218526610791343	9.588957822357944	0
4.362041183282255	10.645501289886061	0
3.211227295459293	10.24677852848464	0
6.194526971624873	9.977136048305645	0
3.3692796159102483	10.577171307316357	0
-0.2935566520936046	10.65658603243453	0
5.950162421228146	10.777993646231234	0
6.884642552346426	9.83408121615689	0
3.7994127708174457	11.40380363239517	0
4.721915090857819	11.095992706566536	0
4.008292059207909	9.366611150668243	0
5.783148702691082	9.993892730124879	0
6.121538995154399	10.060218136568324	0
5.333225231004111	9.319768978531862	0
6.541145010658722	9.432247106569703	0
4.457870667324464	10.828985615998759	0
2.4137648741514774	10.672908321401563	0
3.9334085167802075	8.84006913867551	0
2.631231410564051	9.709483814148202	0
6.687569388783931	9.163410569836786	0
3.6543657456720493	10.772192526408329	0
4.20818478736266	9.380491608840885	0
4.9745029650307595	9.047729669273139	0
3.0445169348026306	10.35655211707599	0
0.785299044558375	9.60442209601272	0
3.2664836932878596	10.37444088118817	0
8.496456121421058	9.273840389213516	0
3.546394050467203	11.23826811776392	0
2.688002416558451	11.352347996389925	0
4.992942497489775	9.403232671217575	0
2.2338908641192274	9.371001387314623	0
3.7016829948864194	9.89955341683205	0
4.9844259555328145	9.886428892553214	0
2.473485562531822	10.922188863983942	0
5.560761184695418	10.17371012175911	0
3.73386829091863	10.254732687385747	0
5.81967870199251	10.459339544796356	0
4.08989574487816	7.762993867144878	0
3.1678136060567277	9.405608726504855	0
4.112216806869651	10.024920443225387	0
3.4538416220583192	8.73150799213297	0
3.662982427799768	10.907303750593378	0
4.610380399704857	8.756382573101668	0
5.262906828524471	10.428089722845534	0
2.7746448066849574	11.456035600960558	0
5.02832694125898	8.688880316746205	0
5.911016952931622	10.664024135679423	0
4.188851273430732	9.509183067359833	0
4.649892612099305	10.410037921241804	0
3.8168097153862854	9.245973673509003	0
3.1629242031047697	9.477289963860589	0
0.9266732393109907	9.311949684559538	0
0.3209494059965894	7.250436990750879	0
7.425528377070444	8.984887552726988	0
1.7614339075469885	10.167056007509476	0
4.41166678030179	10.49960569974412	0
4.162693521230647	7.613704557293072	0
2.782685973188897	11.262854888619296	0
4.474764539215498	10.002457886867093	0
5.8386625699114605	10.64823099827397	0
6.612360787547882	9.981480112465519	0
5.363969411844528	10.009955816379115	0
4.403444380525791	9.836796945493212	0
7.170516311225741	10.330814497518762	0
6.51184481925654	9.716041618077956	0
2.3349199879836924	5.9725835136662235	0
3.7367391009113224	9.844484490638363	0
6.674059460536679	11.33737682868865	0
6.788943210040332	9.65838559972682	0
7.292035487085	9.695886427063119	0
2.436175574167441	9.746805026598034	0
3.6255007730873223	10.318608463477332	0
5.9563243293340395	9.457205912725769	0
3.5341376421404056	10.132720755786629	0
3.168041992340276	11.684288854380263	0
1.7268890452989165	9.733480654901607	0
6.1767468153263	12.273560011711172	0
2.810985226729597	12.536507715418104	0
3.44831263789201	10.19194004604897	0
5.357290006464415	9.614918628893275	0
6.9528213100885585	10.672589158391029	0
0.3020374325064954	10.225119764718446	0
5.682000596572255	9.678835475385956	0
4.379627281485644	9.913816618842326	0
5.21092641707112	9.976849872734293	0
4.4870179769534175	11.178578347648521	0
3.8452227230093663	10.647020978941397	0
4.714603820919876	9.141719631009295	0
-0.5176363053328705	9.679517425422821	0
7.163673633874106	10.502370333502164	0
2.1907328083452717	9.171488045723038	0
5.115615318130276	11.275901881765659	0
1.614946535248143	10.146343037421511	0
6.422715579586665	10.532408437764413	0
2.7531935775334087	8.006657820937303	0
4.147592020430257	10.459380683613993	0
6.406765009554839	11.47763117310433	0
4.793527784634504	10.711620533590088	0
7.389634987627977	9.785106068479598	0
2.044652461654927	10.402457103722837	0
6.50714061953895	10.636648886934019	0
3.723439893252667	9.813131747061256	0
-0.3158527139864633	11.191654200303153	0
2.4614935191542644	8.619366869928772	0
1.6373837203822093	10.856141658630497	0
2.8213118399384376	9.696352653381648	0
2.1348891822859173	11.950054853063916	0
3.352888158714571	8.822011001666255	0
7.850433260904177	8.68584598580734	0
2.1807805282391017	8.820976050060544	0
9.999830059061608	7.986185222144351	1
8.565927835130578	11.899481675511357	1
8.666238868174808	10.849306394260612	1
7.538795385628238	12.641199689245001	1
7.051566283611912	13.08483159894441	1
4.211965212810408	17.70990888841438	1
6.382109410482644	14.500837885037653	1
7.243992275951395	13.444519522032456	1
6.2466784308337955	14.477427698157618	1
5.692223389189818	14.891685654208187	1
6.732823501970214	13.15268170110615	1
7.926481682023727	10.587872557894357	1
7.909224197350479	11.143352464400857	1
9.590822216529386	9.922748307626858	1
8.850614283125097	11.314040970705992	1
10.035046744237492	7.439574710112763	1
8.440971321037308	13.272953400520164	1
6.75662992609419	12.587409714842734	1
9.550605982212783	9.622179159994598	1
8.754691563397296	10.562464800308272	1
7.349961689877057	13.568046436096175	1
8.425074306797436	11.435362442564186	1
10.738995190743058	9.449625634260727	1
8.846212591062844	10.197378520657658	1
9.032534799036835	10.379578859355531	1
9.63883764734467	10.516832995214784	1
8.212792446049516	12.159223972247185	1
6.684246624583775	13.70031385964921	1
6.905079905753551	13.540637211274259	1
9.11443066292126	11.669011866403382	1
9.798062937773235	9.006411285144573	1
8.501383128601553	12.497312389727943	1
6.540539809394735	15.242209925956775	1
10.115876916059566	9.534015097839076	1
7.364707623364003	13.899742890635835	1
8.2589944414467	11.7795995507536	1
11.689710063640721	6.869253951876058	1
9.672050839221349	8.174693025756053	1
8.22696845455192	11.025950062229208	1
6.711324326680636	15.57310679238071	1
9.876886372076521	8.654183982865995	1
6.866711177590433	12.961515402262503	1
8.846590492420658	10.52166946817943	1
7.145841449339836	14.366217335666464	1
8.976486299900268	11.625346106924422	1
9.944631672219044	9.403880379261121	1
5.387655582091739	14.742002830688	1
9.427334096329117	8.69971429394617	1
8.966374163576077	11.055346906801839	1
8.068591291453274	11.770581033389576	1
11.130640009358334	15.941215026040203	2
7.457367878539369	18.1865372019663	2
11.981223774817687	16.80131259411526	2
12.307972233517818	13.837837755317118	2
14.08040686683389	11.971068131722062	2
11.938683410081113	14.731413556496532	2
13.437826338521445	11.495752311069735	2
12.796488640636827	14.494477115680835	2
14.835608737842527	11.574291268787706	2
11.144671758501765	14.83200936844728	2
12.328196694481283	12.378670962572507	2
10.39883853059485	14.243182475251023	2
12.442291247087272	16.05693423559985	2
10.71720334693171	17.685479600218724	2
9.334027369692485	17.407533032008622	2
12.5671607737563	15.942348595149536	2
14.153058097419983	9.184891665526775	2
13.61316916005825	10.388655870427812	2
12.781341242006048	11.560504386800005	2
10.887170431717742	17.23611528895867	2
12.489789381339554	12.908548173639524	2
10.870571846125767	16.985228097143512	2
13.734858212385921	12.001428025699509	2
14.293048795336924	8.766730608554164	2
12.170026240741207	16.411585173801488	2
11.03332217516193	13.082695407932015	2
9.445935925872623	17.558155214207673	2
10.41577275426041	19.081086081251215	2
12.54562799934617	13.03738847998007	2
11.430691294337361	11.862095034734931	2
9.05288448516406	15.873969794288328	2
16.638482172609475	9.416662670726064	2
10.690272516784557	15.090949007805381	2
13.971585786319709	11.06803029551224	2
11.964205075080857	11.524528031648021	2
13.763752360331162	13.174868663446174	2
14.307468192527438	6.852126873953957	2
8.700898335095815	16.755127354232354	2
15.485615628966324	9.009087966109096	2
12.95629971059904	12.496826004201377	2
12.517506202949471	12.113342543128294	2
13.133291254708142	14.761308736492934	2
15.937508206890689	8.890721809308584	2
14.750155717802375	9.740751552064424	2
13.44722840892309	13.866284794200398	2
14.26423865953006	10.858434674649661	2
9.663041560328919	18.90554570283294	2
14.025985711559635	13.117288855862796	2
11.04907818709332	15.392222077832605	2
12.105988021540682	13.968876035398011	2
8.881783464365338	17.980647082663776	2
12.110831189752984	12.311620187923541	2
13.760040502131057	12.43125384893458	2
12.393508916604787	9.325392856614188	2
12.344754054078804	16.475723287227023	2
10.233040718029256	16.676788705556042	2
12.318871634051852	16.938993291269483	2
8.99121178285332	18.637535208578292	2
14.508457006474416	9.678306051997346	2
8.860821842386787	16.492340414997106	2
12.77274828868061	14.933752901044869	2
11.718613127606366	16.027177512883906	2
11.894548918095522	11.236848770946324	2
11.739316687846369	16.480754266942036	2
12.66627052471583	12.595152372195438	2
10.294557816464541	15.070566161620668	2
13.694428781977159	12.420590527679572	2
12.439412483011045	13.50020249848134	2
11.450287458988452	14.197897878504476	2
14.170464358746376	11.836094651731944	2
14.016575265533962	10.148259647408175	2
10.148982321903452	15.776232867059168	2
13.140385392169659	12.200313436092115	2
13.406682251138765	11.5794491172323	2
12.124169419349938	14.125448102096206	2
14.898574617585405	11.03843333534081	2
14.938820984330095	10.756576575626891	2
12.341297348860069	12.161449385292151	2
12.186398991770945	12.781093764277205	2
9.700885802475536	16.232493722571782	2
11.579661181032654	14.873376935364533	2
11.944218449449044	14.956484006995943	2
12.32199454154531	15.00391625381871	2
12.081074632575334	13.346523572669804	2
12.32186077439828	13.725019381747746	2
12.437403585978938	13.650592306763555	2
12.565011178796512	13.643881847200454	2
14.003468920792502	9.429641575925526	2
10.084579922319252	17.596368222451233	2
14.058638670459475	13.941271399171777	2
12.98942685996542	14.67607072975742	2
11.350088906142995	17.267601518694985	2
10.880367281717444	18.673335001701687	2
11.764206758680462	14.056183806011216	2
12.636606472344159	12.056319303160986	2
11.60478326136249	15.819341905813207	2
12.467324324290155	13.709386411533234	2
12.016308930806716	16.059216153619374	2
14.005518104812078	13.844063386037476	2
10.31025638735888	18.442630196360923	2
14.167806883562552	10.212882012398936	2
15.463821010224468	9.53472090917384	2
10.373754372153368	18.420810001104137	2
11.276398260333472	14.370665771961574	2
12.686521799031677	9.428896435455846	2
10.292179943504514	17.735793206518462	2
14.438022661793005	13.622204453478147	2
14.412644133697404	12.512894883973347	2
11.780308787434464	16.177956824672812	2
12.620811277149603	12.477869336988572	2
11.988585409576771	13.010748813393196	2
14.213187887745159	9.901002768595324	2
13.51366985022498	9.399036591696529	2
12.617821654986487	15.99873540481338	2
11.294623548911288	20.250031374758954	2
13.671372618662565	10.906549421492294	2
11.893466772799343	14.689957038158811	2
12.961573569448595	14.72129355229096	2
12.15061577260109	12.359345200068582	2
10.59538595485385	14.365542873168831	2
12.133627947777352	12.53330554159435	2
11.322592713135194	14.592992020514608	2
10.892588546174814	18.28633391073689	2
11.898493078284332	14.00109150020577	2
12.01485547695622	12.42921415110867	2
11.896880201945809	16.145512694914984	2
10.991990821987596	14.48836229428809	2
9.393085414779296	15.143843686486093	2
12.392006376401225	12.586354791026043	2
11.256903661747167	15.166488546310172	2
14.042443634500296	12.33074177883007	2
13.058761401959643	13.375268410054357	2
12.156830156314307	11.234669289808641	2
13.406966867890247	13.177906853093498	2
11.891543430399054	14.784617912966786	2
13.042703624710079	10.917733768252358	2
13.443469861359812	16.06795638139022	2
11.7496779717595	19.226472863986444	2
13.024808084392149	13.150507914226862	2
12.316093316016255	14.760958149958448	2
11.501866600804682	18.442528947985735	2
14.637693629451135	9.576095545164756	2
13.077662098726442	12.787393897821708	2
15.199004178496216	10.590337736749797	2
14.7957387108952	11.382868092109357	2
14.377543325948446	12.501963486621364	2
13.752682511350791	10.837055850965012	2
11.286483445889177	16.60646784218934	2
11.930673002305307	12.793823938145595	2
14.306794424551416	13.394132632468592	2
13.07812169089795	12.923556900281861	2
10.150524443139405	16.965370208718426	2
14.660512998120186	13.585882495045913	2
10.656188479622138	15.672179002392966	2
12.823236568487577	12.764973434701522	2
13.8325918593393	10.923669699703764	2
13.409852936725304	12.100316639639706	2
10.695927891304985	14.851139559410143	2
12.177253158416741	14.63219946769722	2
12.28709328354564	13.527592349630028	2
13.135335482156746	11.457284590934812	2
12.165890808973835	12.662984980519838	2
11.35461882753593	14.052993496038663	2
13.013220755304344	12.437855241747819	2
12.17142967447036	14.083145561243088	2
12.731390061369815	10.39146859809895	2
13.52103379464493	12.435218342772487	2
14.060376137274293	10.42322912163408	2
12.277388374601744	11.653328652715143	2
13.54885866565836	14.95098025023798	2
14.639405327834826	13.412945490118778	2
10.903261444946411	15.1907848434761	2
13.790592972058393	12.380987592544358	2
7.824041354474092	16.465050607134998	2
13.716462856553491	11.436919614089392	2
13.200656934638166	9.423728168979617	2
11.68343166702022	14.901782693563796	2
13.626915520022308	11.790147466896807	2
11.24508471344915	14.601080810215436	2
12.469662896311782	11.52744115227965	2
12.1237834646185	15.837915905395409	2
12.02044633280825	16.860267148872648	2
13.060309468555984	8.336829314172043	2
11.581033299085346	13.562157310573722	2
11.825947728942786	14.03594346540898	2
13.427765577322367	10.755279897335871	2
11.94422638510559	18.72055722328768	2
12.423267400688042	12.541250286819837	2
14.392924007299872	7.794070919042822	2
10.067760437156355	13.975381817199919	2
10.836923418360877	13.384279696967523	2
12.177332962979838	12.897245084520875	2
12.948710226655153	10.329835689052462	2
11.418522632418133	14.670609814572119	2
11.86595097884985	15.001619743120536	2
12.7502416038924	14.181145739171745	2
10.495433934208375	17.356843087158627	2
13.88057531075277	10.560166612351399	2
12.031304211530669	15.715859139716011	2
12.25742366881507	17.13057364334605	2
12.333147031410881	13.896131704332914	2
10.338958283026336	16.033634791152217	2
12.197300545910066	14.059944853389181	2
13.402479195871214	15.288745416688315	2
11.041255174852457	12.381596441461447	2
11.807873653173967	13.751434921895349	2
11.40415528774369	14.20263030322098	2
9.913836145435543	16.404188342896038	2
13.972881272647871	11.56947065139663	2
13.92537180366862	12.360855719191063	2
15.147785785198652	10.648346574290315	2
11.558127564440467	15.876794779706874	2
14.732692645671506	11.00580634123397	2
10.608884539779206	17.523098890179185	2
11.939658159083585	13.886825380794015	2
14.384740519720927	11.801442100837761	2
11.701888163480014	13.530278317638837	2
12.1797091043353	11.80048845915454	2
10.810223738415347	15.758094286912941	2
12.178931525124472	12.771695544819309	2
14.21670789893961	11.627177781670175	2
13.19326350119493	12.29642139846183	2
11.173115853510271	15.072150348541934	2
12.738130382755163	13.326907475523804	2
13.396146636075745	13.554996268343913	2
12.97318004820742	11.440676940544165	2
15.061201368576066	9.806245551701506	2
9.509371281098813	14.298701209812908	2
11.149262744592278	18.35080843405247	2
14.925683562267526	8.029430795771944	2
12.881198502655801	13.6323160317431	2
12.094911572364518	12.94528240956169	2
11.837506707961158	14.349215425452867	2
13.017728033359088	11.26335235741298	2
11.578744652664682	13.482694470018801	2
12.871172459866253	10.762121108471742	2
12.70081545268555	12.411542431762193	2
12.292269268773195	14.207324920423268	2
14.072712074196227	11.074798903817939	2
12.29217306418521	15.989965678671853	2
11.465033092620615	12.660766928255585	2
13.29480616160294	11.001368526580162	2
12.429773230765855	12.038746056844937	2
11.193762497452633	16.2654033107934	2
12.179894420767228	14.467357119869732	2
10.099803249181445	18.74587488256517	2
13.182270889688919	12.202535240562536	2
13.18039869362359	12.271816242313733	2
12.165638561813621	14.245765963179434	2
12.153022060931574	10.729585745353697	2
13.05207902741982	12.328404605778172	2
8.500660984000032	19.139912982905535	2
10.305798828975272	16.512284790387767	2
13.422259052484225	10.302103379650433	2
10.634245480067635	13.98639490202896	2
14.23986978398093	9.643613070874483	2
12.907483926983508	12.35987650143504	2
10.797301989690657	15.968312125106902	2
11.638328621702872	15.011227633950313	2
12.284212224771352	9.860726916893887	2
11.338166559617775	13.478850583673745	2
9.810939480397586	17.245510916585634	2
15.336358068794944	9.711467719960849	2
10.987541787618218	15.92853507715195	2
10.935421389441274	15.958251413084245	2
12.573231479779512	11.666707887581358	2
10.195690442502372	18.229194915756413	2
12.263765960790089	11.459328994939186	2
13.924722410218726	11.774229926425107	2
11.855848287945363	13.766133759273439	2
14.561064019219678	14.118946351435659	2
12.798810819613871	14.62341472364048	2
8.587122307476452	19.773405119599907	2
11.722495911992986	15.244823783217551	2
15.195032739112255	9.005104273838306	2
9.867604001805663	19.118006737871088	2
11.885912822795103	15.51789496423621	2
15.622659993758287	6.245313318009548	2
13.584348176662068	11.299978993676824	2
13.041942857063642	11.894755384367459	2
9.600420907313596	21.139505737412804	2
12.477125087464469	11.435144911867178	2
12.965469359494437	9.33878804797062	2
11.478782462854168	14.93702300124729	2
12.703606806234383	12.024795961197375	2
12.719192277833033	13.966796047328538	2
11.629864129713129	16.999464975547866	2
15.732563547943375	11.573473874568178	2
11.375878827766106	15.540351116102585	2
13.816681205101002	12.01319601983883	2
11.943563127005497	13.922477396812003	2
10.977420040558318	17.736578252182746	2
12.812887434796849	15.35047576375763	2
12.455109609260678	12.544131416185483	2
9.660402876499715	18.454314307138844	2
14.2180389271328	10.880128155893898	2
14.317554136643203	12.100277196179587	2
13.321877348393977	12.757924066906376	2
11.224472130358969	15.286637967108394	2
9.180555294242325	16.39818290582573	2
12.3621872889978	13.164524097682834	2
9.678524289163992	18.015236946487917	2
10.716190079033067	19.465864334401804	2
12.100416894387573	12.832271506800165	2
13.017332779780011	12.963603614901695	2
11.459967879022205	14.598426610559567	2
10.649234558143643	15.773258964269303	2
12.462074433819447	14.816537017539714	2
17.196032963496727	6.0530119755096035	2
12.142121907369265	12.253686763592984	2
12.696458477514488	15.401313331798447	2
11.180533569821005	16.57748727048126	2
11.575354654521483	17.38223060465222	2
11.63532658323453	13.588706207535015	2
14.222286680900032	11.355764172133865	2
12.387048953131737	12.845790624550778	2
15.046916568169749	9.987361037278863	2
15.15693825893586	9.26549446754979	2
12.07606020896754	14.127819277990845	2
12.879416237338848	14.634774766308848	2
14.081963836381421	13.089389772793695	2
12.87040893536502	14.693539336863356	2
9.089564014719835	16.905580250163233	2
16.383368869169022	7.5931249354406996	2
10.473308994561918	13.890139581610736	2
10.861534637643839	12.953481256486265	2
11.334769647999954	14.689196810257739	2
13.14262502460013	14.283995991928727	2
13.265017765297719	12.716530898813295	2
10.402283375685787	13.759208850033282	2
15.473680427379502	8.948234669087963	2
12.381140967815659	14.389111682072851	2
13.448588290940053	14.288727785547517	2
13.569740218167855	10.82787327013198	2
12.239214836837045	15.310247292558968	2
12.82187887989643	15.550631426452604	2
13.511539208860162	10.030556046176285	2
11.917846083623669	14.985694965674154	2
12.364470952688155	14.748665984645184	2
16.23631282557359	8.842099374405151	2
12.26197321966021	12.131681674341403	2
12.77397487200846	12.376559517394107	2
12.463226255993726	13.103351480777832	2
13.729739823541808	11.40572667407182	2
12.184456602717344	12.566100781738047	2
11.19141031393557	14.866254117894467	2
9.865803136007857	17.227662035566954	2
13.252970727266243	12.08065940491705	2
13.813905469845318	9.276792679963638	2
10.36851473483167	17.545110081658137	2
12.221561391551433	16.62207032722513	2
12.234860655379517	11.1177477450054	2
11.829100396745957	15.200023441959384	2
14.124530449325329	11.681220291822239	2
12.673704032313472	12.953229815582493	2
11.635766937831146	14.463124166704342	2
10.38965755898455	14.181389058427786	2
12.418106077074965	16.304511654072954	2
11.745133194823863	14.750873287278393	2
13.927814277079205	16.14843468068811	2
15.008931928524886	7.407019778496928	2
13.455435298325005	11.010006121745143	2
13.195527692479674	11.241115729428433	2
13.992239427405018	13.356156774957668	2
11.659935782537664	15.800282090660264	2
13.457047922236452	12.765962087466187	2
13.972225530377251	13.992707181392113	2
11.694149687282337	14.341750434451722	2
13.467560776142763	13.678028705597182	2
14.999951387729386	14.622605069165395	2
14.428830341397438	13.054979256431087	2
13.38868979538101	13.679375006550655	2
13.099278324798307	12.173104880832845	2
9.628731566422488	19.751423543034694	2
11.537653494497242	14.598656665910582	2
12.068560745794468	11.641606841961607	2
11.993587120129531	17.11242854090284	2
13.94433039319917	15.32836692847617	2
14.016704456518692	11.727534928069959	2
15.706985766066914	7.0181487575879355	2
13.317968991214979	13.273022520821788	2
14.304463516947564	9.655885254323186	2
13.565447854823674	11.857289564223521	2
10.61850560299153	15.838686207600903	2
11.602952367627305	16.00591914030101	2
14.51349684013475	11.05905680732853	2
10.540333787296493	19.2743034586006	2
13.704640174738918	11.606106557072101	2
14.315447175478758	13.604302230156026	2
14.505206521488631	12.540302888088817	2
14.403847749667605	11.607298895781758	2
10.64359307380987	15.797495269410048	2
15.666104214153396	10.46676837847674	2
14.703826759289472	10.834747669418476	2
12.469111447181998	14.280258393254872	2
12.895960126124363	12.961148298435328	2
10.639141737664566	15.117221466361745	2
14.329103392783487	11.259317791197024	2
11.580087291135904	15.031123398935662	2
12.065593588666827	13.737831240577064	2
12.472679119837807	14.250437437162589	2
14.332663835584654	11.325761281040412	2
13.02824255953724	15.798501769935807	2
11.234930850616731	12.53564188177041	2
10.324129513806325	14.374077674510078	2
11.320946538457513	14.1911735145092	2
14.464155005876517	10.154645782119806	2
15.120454775028719	7.218835338427928	2
13.58712394200734	8.949718285884583	2
12.113713349584616	11.875967849617341	2
12.188684751426257	13.373470427371462	2
16.1583582859737	10.577085687213186	2
13.087383163393303	13.36215103877272	2
11.807082848696329	15.71051232582727	2
10.198297182548888	18.204969252799373	2
9.022769658098198	17.558667096806303	2
13.38394758461797	11.766651417700952	2
14.058791939971089	13.041105700310139	2
13.782459907525357	12.100465681702275	2
13.649797422009879	10.791318939132552	2
14.597325049123498	12.894105921607252	2
13.412887806290064	8.899493146858413	2
10.731561333435527	15.09208078957597	2
12.801288697612812	14.361510156184524	2
11.810579072518404	13.18036429120614	2
12.965243304467478	14.22298455375607	2
10.36190557321709	14.935679838131275	2
13.120040499225093	11.356735995294414	2
10.154397307198964	14.072702533589206	2
11.321939567266753	15.13928793258396	2
12.389056088674172	13.542440334415316	2
10.951583599658397	19.20441030935916	2
13.941889115163802	12.529109297507079	2
10.986104388693485	13.561779170402781	2
11.644124896705275	16.343139143199576	2
11.924889561682498	14.17644860276255	2
13.589695079823748	15.884660252511292	2
12.97038916193506	9.459640950908359	2
9.456201291286774	16.206553900974505	2
12.282170223354212	15.29186850575331	2
11.359059551096179	12.152289967453639	2
10.489871661034488	16.57113066722934	2
13.885757719219258	10.479320643130166	2
12.521206415140535	13.619485114654033	2
12.664378815374342	16.016045648993213	2
10.681503577146382	13.580130031119507	2
15.428806728394912	8.413311411188786	2
10.159532030662094	15.153241422710222	2
10.688107525704432	15.918221865276525	2
10.867600354826166	12.142018471960924	2
15.388837844873384	7.033208984258835	2
11.861514297851704	13.219271896034954	2
11.366174048741913	9.201298934513614	2
12.225788108749631	14.96895493514609	2
9.375888493013223	16.64742967848556	2
12.240654097877295	13.46219319818679	2
10.520537139611823	13.476437354498849	2
11.327079623937314	18.783349021980623	2
14.615388129529528	9.630496517838811	2
14.963803894479534	8.747156807677008	2
10.89689024226107	10.808113734504163	2
12.148551380642097	14.10719666739499	2
11.06446333866511	15.61295074008762	2
11.5365906324409	12.77935209073413	2
11.247457874231756	18.05149994569623	2
10.76749052817183	15.802056540671149	2
12.240623394355053	13.308034612916801	2
12.800749476577833	10.065948888202254	2
10.295879481756222	16.817376593815943	2
11.136886449904903	11.953789214874709	2
12.57353725267936	13.112633821926723	2
10.786614276340867	17.95129317567581	2
11.205342062472454	18.055683565044582	2
10.877728058085102	17.910637637159027	2
11.401489866876434	14.459550882083605	2
13.977987867799678	11.58718279090675	2
14.333304655700955	12.190892985300216	2
10.615047625553313	16.881228548793406	2
14.036607958425217	10.459785917375813	2
13.79818735707193	10.12849964263289	2
12.79780275077	16.05933277323097	2
12.746909211917341	12.90848750793192	2
13.624742385651983	9.112864610101255	2
12.701747323047995	11.518667594633134	2
11.536535230767017	15.119782356161247	2
12.39825918136176	13.009201549252522	2
12.108189652958533	13.935496679807386	2
15.802623676040882	9.599828389991966	2
14.69808922601726	12.311350042356548	2
11.913421651475007	10.908285893629337	2
8.788888754480414	20.56990006148647	2
11.567775600337203	11.816179438650074	2
11.690231667105577	15.216028238044657	2
13.755446053333037	12.193827453712887	2
12.621352248706819	14.858750809265107	2
13.16131925441325	7.663051791541276	2
10.561305655172518	14.533101482845089	2
12.132322017637916	15.217318723028544	2
11.530859771397187	16.705309708416376	2
10.396036984329921	17.738018885317206	2
13.842815114791268	9.877901330879615	2
13.149273139048006	8.065778379722051	2
13.687018577459805	7.609276614401328	2
15.827963519661314	7.767560690042941	2
10.961759266511852	14.846539579529829	2
9.681547076235647	16.071394848514995	2
9.620600327070196	15.460503696777058	2
12.749057189255396	14.67232841672989	2
12.797594829105808	10.858767003728891	2
13.425127057692343	9.611368639449772	2
11.119800924980009	12.267720602785536	2
16.672672114703953	9.304627285707202	2
15.222011834228741	8.117926511784834	2
12.553248172317197	12.78802559410147	2
12.143198562102826	12.134847055688304	2
11.81351295421167	13.067406504163886	2
12.21819632533683	12.800264507158255	2
12.547959647242767	11.586107377549466	2
11.291381118636586	14.810040026072897	2
13.908874791306248	13.518733335194604	2
11.965254140117935	13.681185561410675	2
10.80346923680443	14.738871164917024	2
12.916678560682408	13.42800672411592	2
10.755035362949958	16.07718675770139	2
14.918446489752132	9.15988539935139	2
11.467208187013805	20.845984618332253	2
10.541744779797112	15.138833846676048	2
11.64399618176172	17.426911504005894	2
12.229256996423565	14.091048152992368	2
12.063544426298122	13.018858891785417	2
12.824966414434103	11.131074028334696	2
12.278232658161706	15.58073654074122	2
15.356016446418943	12.715420770374743	2
12.368380076907636	12.7461159094753	2
11.069781171764006	16.374280389763378	2
10.979703721076795	12.306704887991097	2
11.94779910655148	14.908976439127606	2
11.908620262039824	15.821864624956646	2
12.999933314560362	12.762217675823727	2
11.01619229876563	16.356012816019103	2
11.917244174011952	11.074227320170639	2
11.595432536004209	15.279025203979737	2
7.958052106816516	17.36895265798849	2
10.733778801475829	12.238419831908208	2
11.492966042408039	14.203451852173739	2
12.058115510448149	17.197973942642726	2
13.799137055112375	13.649353137683807	2
11.38646474913864	15.774098804972088	2
10.48426979805259	17.425297148041842	2
10.783761101758856	13.52774998567319	2
15.650192227977168	9.967670067336552	2
12.851817546074356	13.689278272725527	2
12.26689467550572	13.716207274084903	2
9.28213968562995	17.126492302129506	2
11.73615299885361	16.25370733155102	2
13.637131076303245	12.89889693512442	2
12.71640711157481	14.927572063341481	2
9.975180176741624	16.92299214297169	2
14.589278662777819	11.249253015509444	2
10.870245440710443	14.280130327018489	2
12.04569388151112	10.117510128880784	2
13.460791312896369	10.0479751856749	2
17.311103567106393	7.465534138157503	2
12.393485817881595	12.31554364864146	2
9.782494744953429	21.598057859857335	2
10.088643404852185	18.152583731922405	2
16.49783294519713	8.397955002291837	2
14.156065796821895	13.016040719918399	2
14.600929763067867	8.392971182389864	2
11.201467818087043	14.865267211055642	2
11.407637833738871	13.021559260355502	2
12.17236012046813	11.866373970334081	2
12.70520681128822	10.386654385214122	2
11.645488845891533	14.606794962983285	2
12.911013100367835	14.12937326261321	2
13.311822758025814	10.463883975676046	2
12.978567603337359	13.60839598923736	2
10.830223674714263	13.948087390278511	2
13.445158957975979	15.675772435230199	2
14.667370502207037	12.360679609952118	2
10.806103267392425	14.983263861367206	2
13.765648446138878	13.7288343321809	2
13.849201538908844	9.297372467771012	2
9.928414083666178	14.178392155413608	2
13.335092618922804	10.54330843935178	2
13.08419708980374	13.775990542253252	2
10.807154633063321	15.648538187474536	2
9.685264281578647	16.195362718717373	2
10.949957065985386	15.987399266269607	2
10.258711829983202	15.905155260261116	2
13.161063406504988	10.35725417673222	2
11.230974071252762	16.65221355841213	2
13.012611999326511	13.578843675987244	2
13.503403757280896	13.204814818676644	2
11.87668612555062	15.250557615478032	2
10.662855517570348	12.83085650423329	2
14.106771868707565	12.259068047228702	2
15.486492646586438	12.23031539627658	2
15.466188179096324	9.64217426500224	2
14.018140002560335	11.223382021326447	2
16.199037791099386	9.231995932008932	2
13.569557980667971	11.768286650869472	2
11.853531658922293	14.439687123165418	2
12.180903642346646	15.922452260794886	2
13.755720738056537	9.610374364109509	2
12.490653059857081	13.857379716340878	2
14.92957879983004	11.367362804518807	2
13.239310385581128	12.455438424476084	2
10.941790490064923	14.863005843301535	2
11.882973539031283	11.685864866190093	2
13.15344377155272	11.756986463150609	2
12.877853896467391	12.878193114267932	2
11.166307521512662	15.696645958488743	2
13.846921601383466	10.167585996702043	2
10.376896608852569	17.594069629926118	2
12.254551658841377	10.968546905614808	2
11.997024805368333	15.362805300061053	2
12.289131064313084	12.497929306189604	2
13.620438890148847	10.99686432807639	2
13.199407638759338	9.192553624771723	2
12.649470929367492	16.64157840549716	2
12.062560239424306	15.047015592225463	2
11.988464298694101	13.98903048951913	2
11.83397475306537	14.743492645435378	2
12.955416552034748	12.392553683823117	2
12.09247924419192	13.15868213607353	2
11.687322506411592	14.852542191492853	2
11.013303577317707	14.451897476156129	2
14.282735898806017	12.288335884901562	2
14.008990521130864	8.659277066060426	2
12.850294223961637	11.122110964145705	2
13.032939340855284	12.624215614494858	2
13.989808539500695	11.519203253400415	2
13.600702867374544	12.16235168347966	2
11.888290319561678	16.503765012238595	2
11.596210144740036	16.516620323949397	2
15.714364628493323	9.705175071862392	2
12.057428147017553	11.166039568002258	2
12.194893614941618	11.170777031406255	2
11.13865996974468	14.518204561362214	2
13.941905959023721	12.651973118539622	2
11.170221729702133	15.223910555157826	2
11.38113726232206	16.124544365276883	2
14.458661469359495	10.968036449349887	2
12.794971112806634	13.284907549301641	2
13.830062024992479	11.169505008990447	2
14.222998195954593	15.532495085043461	2
12.07247700492147	14.043671436524939	2
13.137716937549122	14.421915404315548	2
13.848559713856707	10.290962425333696	2
11.77192877836308	13.79522487068357	2
12.37029834452579	11.840050586294634	2
12.274477499791724	15.332244197586178	2
11.263928950540878	12.1370383878835	2
11.141228798765038	15.732715225568244	2
14.582082854850565	12.276305909528581	2
10.385355845830723	17.186047187445425	2
12.901952206331506	10.706410216674378	2
12.77381658217312	11.131652853635153	2
12.275519773743495	14.702830834969024	2
14.841831895961347	10.522120392165418	2
14.621606825511957	9.366946478122633	2
12.660409630630328	13.799356647658247	2
12.075264868215704	12.94842771551893	2
12.653661244820158	15.591541571478029	2
10.865463547633748	16.769774704948848	2
10.789379625322459	14.264001951161214	2
12.592738299687781	18.707590597987274	2
12.166156824785812	12.7756315853513	2
11.55776368097479	16.052415106822753	2
13.943932902597057	9.623054436931744	2
12.228028488220911	12.402509434095203	2
13.27311388073621	13.67319170208286	2
13.004127281784674	10.279057403946219	2
11.4042061890474	16.4625622502724	2
12.635873748823506	12.607968320429974	2
13.747918928005475	9.352648011049862	2
15.713994789949957	9.095300533092823	2
12.061086417679673	12.342664950017312	2
10.228401217909045	13.3173801692982	2
9.992968416060528	16.653765646661768	2
13.869933181353247	10.327079369505922	2
10.368976403203531	17.863889404883484	2
13.425906219020167	13.038409178612623	2
11.395921035986424	19.25886175383934	2
11.527546533394714	15.729573235684423	2
12.531948488360742	12.3804414776566	2
12.844322190964295	14.49195902540918	2
10.602537181466811	17.99004033435167	2
10.708009217293133	16.89166607902174	2
12.52521179970514	10.82828739343969	2
11.164260197551336	16.119583300298384	2
12.56868760994156	12.220331607980143	2
10.059666422895841	16.475070721585084	2
14.344507415476427	11.748630044379826	2
14.596319174787695	13.107813547322516	2
12.219311198281408	14.03195777545913	2
15.324801952143924	10.315866017357994	2
12.421937139602894	14.415330527465228	2
13.9039413220105	11.90096012967387	2
14.70430570359066	11.378736396181232	2
11.751808727008306	16.67171738558194	2
9.45613714972113	18.392982932130778	2
12.155070524843428	13.757709798433387	2
11.153804742504104	15.494874471977422	2
13.094845261783034	15.323058612127353	2
13.370186247486254	10.584735892891182	2
11.83408219270223	17.750667712416604	2
12.8480505675644	14.570282774552824	2
15.758570254495787	8.430456459267463	2
13.823378548597407	17.061027714378486	2
11.40658232851212	14.87703616504987	2
13.31563735519585	13.761903386645622	2
12.830596136031962	13.563209957909262	2
13.634963981503075	13.041213429271505	2
11.23570340642624	15.723914816492975	2
13.154299730045532	10.585519629205502	2
11.19005613660017	12.892716110338451	2
12.898431387280912	11.900765856143304	2
14.697646115697786	10.432773917850385	2
11.417020917907843	12.839775147426847	2
13.380341037356652	12.762863394552335	2
12.135222640680643	16.74692979885063	2
15.38315041700402	9.035939057760848	2
13.173723874325487	11.386711037327945	2
10.807312871283568	17.431804426846586	2
11.888882262673176	15.812073462269067	2
14.797336405867288	11.768358914765875	2
10.709381141692205	15.86937352561947	2
13.899983419162544	12.031695172143213	2
16.3937415491065	10.274770218187511	2
12.16087053739948	10.062000431029404	2
14.405257544805597	11.785582186058168	2
11.776335159449584	15.250779135430236	2
12.909140640449838	11.9561150876456	2
12.167957640140518	14.643230398645683	2
13.72928553035037	8.683018595106976	2
14.888985262481349	10.86976430600198	2
11.727986700436448	12.008619899990045	2
13.432764958107196	12.457039484933235	2
13.361661117998803	10.80752439653287	2
13.032073849655761	10.753297124842312	2
14.563897167549976	9.983106805141974	2
13.775617652766982	11.729853433419056	2
12.221754378607667	12.385689636947014	2
12.049408709373903	14.703812066534734	2
10.058997972645388	18.620352288779337	2
11.678064639570254	13.942422470490397	2
14.786836121293435	12.256057296059709	2
12.697331802129876	13.243925276142983	2
12.387177812844993	10.061592793291002	2
12.774944618940971	14.591135363308023	2
13.662003392319612	10.011380599131673	2
12.33066184803388	14.466294860053788	2
12.644797687156078	12.788294717263309	2
11.64295442059435	14.05890656787857	2
14.291213061478855	10.506801243289518	2
13.564735402783638	9.627535195855419	2
12.3953717619536	11.82144604148141	2
13.249767088030694	10.187890028049004	2
11.645387586458796	14.437763640003308	2
9.66563882343392	18.247151747532723	2
12.21129392178782	12.002647642272489	2
11.95390628191377	14.704692735697332	2
11.528984394211445	15.894700968281715	2
12.290127600854799	14.272180722458545	2
10.286518558521818	15.688825165916281	2
13.460619272575343	13.35053003197677	2
12.321974704326875	15.578935762339004	2
11.357948376896854	17.934770722226688	2
10.980947371124838	14.951535843951953	2
12.37690946107787	14.835207308760056	2
13.776466963354354	13.54002504212576	2
12.252561314837285	13.651754366990215	2
12.697538866725184	11.773569231932257	2
13.504604193237432	9.470797140496234	2
12.096236798635386	14.093870810242091	2
13.155750321878106	12.066199868676753	2
11.737337379274553	12.656525571183428	2
11.657193326470319	14.787485942437987	2
12.44104152126845	13.040660387924325	2
12.77461743212474	13.331473993090068	2
13.500901895031838	12.337752175164567	2
12.639042202711003	15.914401019376722	2
13.72188458493104	15.673597930193006	2
11.552866518795874	14.316860815451966	2
12.494553546051915	13.872724085084181	2
13.462346248528062	14.320475626517268	2
13.358354242816795	11.309115577829091	2
13.070443097854422	11.571510590188383	2
10.54065100959357	15.177405381822753	2
10.404177625051503	16.031423424128434	2
8.688231030165365	19.23676990562899	2
12.074897611632661	14.698428647192141	2
15.73302601411634	10.199592032969468	2
15.415495854321664	8.827931847942205	2
11.31601938786935	16.091234465554688	2
14.33108639698962	14.204460447394428	2
12.46203956843256	13.499268623264294	2
15.084778333474782	13.898378753585124	2
10.87328451600384	13.6660977377282	2
14.83595451390468	9.06743796845873	2
11.922101788474954	14.175496992940708	2
13.322391928651722	12.76360037959643	2
12.721701484500018	11.47919384055038	2
10.343593691523699	16.488997215202488	2
13.731812465991599	13.507948563701005	2
10.116003251947216	19.514027435047158	2
14.13999415283207	12.576723596213434	2
14.83177552339744	10.465278269151362	2
13.715269579757566	9.814484308224698	2
6.8013945070051	24.343734051864136	2
12.308955683699917	15.180671467100185	2
13.502115553052167	10.782068127965333	2
15.615880763357461	12.215812953282418	2
11.296752602283219	15.47540751392568	2
11.224516933522027	14.868685411137038	2
12.249352907524395	14.091375752486014	2
10.598308745671304	15.384304988277522	2
10.54105203228836	15.499012472857029	2
13.922614021261948	10.47036807322327	2
10.943338193428083	15.112927362878155	2
11.337505683168803	13.029579308826948	2
14.866126255008007	7.739293891023978	2
9.051361161629305	20.923893162056352	2
10.349781522158848	17.064330703912823	2
13.49595078801319	14.554857442869615	2
13.304924612149648	12.689142925798182	2
13.459568931633102	14.056521068333044	2
12.69097123474484	12.916343897266826	2
15.722010816275489	7.3813405513869	2
13.580992550108927	7.857875412184979	2
12.243447184342086	15.058636375833977	2
10.421354994629521	16.67328370042396	2
12.329029794799855	12.179026044358933	2
10.692244789488205	12.167747326752256	2
12.026242876252637	13.090601871377014	2
12.405514136446653	11.034098424896248	2
11.613500894958962	12.806910142765913	2
11.665520516266875	12.722090457708912	2
12.802784523021256	12.044122747631764	2
9.977599129510093	16.83557999393763	2
7.957264693181533	20.764776235587444	2
13.01944148272335	11.382570572441725	2
12.260766019039837	14.97660958361016	2
12.701719766927159	15.121776663689	2
13.843846026935948	12.368340576166766	2
15.35587637502607	11.496919093545877	2
11.89956221127902	12.49440102307946	2
13.200661807368208	10.500727227406783	2
14.427788860022458	11.406235672780625	2
13.10101620400633	11.844483078860753	2
15.482814649474378	6.898151864748649	2
12.77965328065118	13.62961301494014	2
9.504043218261794	14.878861817293012	2
13.312674712145922	13.646107332754397	2
11.679805452194014	15.26565286779984	2
12.514224734817681	15.236269411707285	2
11.14727795403927	15.554198243848424	2
11.599764076130096	13.222839726664583	2
13.496732704497477	12.45768072916758	2
10.633853652107625	12.676394879649818	2
11.44345277372192	15.522099260653405	2
9.845691438601241	16.650381770079463	2
11.82460111555754	15.959214894269378	2
12.348984638107694	12.096957462512915	2
10.882984824584916	12.22004816734729	2
13.047633280205217	11.861490430103329	2
12.083508136256933	15.244154643625382	2
9.927493885005413	13.260410189339815	2
13.5603320427179	15.080317521047233	2
9.740987482021085	15.275990325401132	2
13.31958198500053	13.841321415467906	2
12.948640306768302	11.253772305663723	2
9.74895428771159	19.263845370353167	2
10.64409103222987	14.354626831870299	2
13.793457017063417	11.959641831861045	2
13.472426230450107	12.47422072114232	2
12.967803674075709	10.17599131409413	2
14.624494962476604	12.556210504982182	2
9.660427230009187	16.88502783661505	2
10.070079275229999	16.803017688724154	2
11.769041278405629	13.500963839121066	2
13.108328384984517	10.510453102958795	2
11.139446667510304	16.618481113583698	2
11.49809764434745	14.937649719388913	2
11.643545745667396	16.083976358852432	2
11.481948150762756	14.18371570971105	2
10.534064063126108	16.012426566011914	2
13.972181656517211	12.416270373136788	2
11.286202184869229	14.178165682117728	2
9.334234258583713	15.925485920097609	2
14.370727054513639	13.55852623026797	2
11.058241600926753	15.59179712662809	2
13.890942310211551	13.691818890211481	2
14.164589916553775	11.674761279346434	2
12.312263922947928	14.030921940844962	2
13.826279347609766	12.638119159232032	2
11.599328114611783	15.101935774152096	2
10.042379457915727	15.59468725635279	2